eng,tid,fam,reg,grp,bid,ord_idx,join_cls,status,fail_stage,fail_type,med_ms,iqr_ms,out,buf_hit,db_hits,work,run_ok,flush_ok
duck,P2,path,uniform,base,1,0,default,ok,,,25.234,0.311,359618,,,,true,false
duck,P2,path,uniform,base,2,0,default,ok,,,16.068,0.399,671,,,,true,false
duck,P2,path,uniform,base,3,0,default,ok,,,27.409,0.882,435374,,,,true,false
duck,P2,path,uniform,base,4,0,default,ok,,,28.591,0.866,178242,,,,true,false
duck,P2,path,uniform,base,5,0,default,ok,,,26.067,0.71,35350,,,,true,false
duck,P2,path,uniform,base,6,0,default,ok,,,25.4,0.386,5946,,,,true,false
duck,P2,path,uniform,base,7,0,default,ok,,,22.044,0.014,110851,,,,true,false
duck,P2,path,uniform,base,8,0,default,ok,,,21.092,0.192,35871,,,,true,false
duck,P2,path,uniform,base,9,0,default,ok,,,21.618,0.16,99134,,,,true,false
duck,P2,path,uniform,base,10,0,default,ok,,,19.957,0.266,59311,,,,true,false
duck,P2,path,uniform,base,11,0,default,ok,,,20.666,0.083,15319,,,,true,false
duck,P2,path,uniform,base,12,0,default,ok,,,19.707,0.214,1005,,,,true,false
duck,P2,path,uniform,base,13,0,default,ok,,,20.415,0.392,13600,,,,true,false
duck,P2,path,uniform,base,14,0,default,ok,,,18.682,0.142,243,,,,true,false
duck,P2,path,uniform,base,15,0,default,ok,,,16.379,0.646,3025,,,,true,false
duck,P2,path,uniform,base,16,0,default,ok,,,19.303,0.753,7949,,,,true,false
duck,P2,path,uniform,base,17,0,default,ok,,,17.453,0.146,1594,,,,true,false
duck,P2,path,uniform,base,18,0,default,ok,,,15.362,0.707,476,,,,true,false
duck,P2,path,uniform,base,19,0,default,ok,,,17.14,0.101,524,,,,true,false
duck,P2,path,uniform,base,20,0,default,ok,,,17,0.168,1488,,,,true,false
duck,P2,path,hub,base,1,0,default,ok,,,26.155,0.493,701366,,,,true,false
duck,P2,path,hub,base,2,0,default,ok,,,28.747,0.158,989705,,,,true,false
duck,P2,path,hub,base,3,0,default,ok,,,30.226,1.147,970197,,,,true,false
duck,P2,path,hub,base,4,0,default,ok,,,27.759,0.316,766218,,,,true,false
duck,P2,path,hub,base,5,0,default,ok,,,28.751,0.714,920415,,,,true,false
duck,P2,path,hub,base,6,0,default,ok,,,27.873,1.117,911105,,,,true,false
duck,P2,path,hub,base,7,0,default,ok,,,24.925,1.198,504757,,,,true,false
duck,P2,path,hub,base,8,0,default,ok,,,27.054,0.478,658139,,,,true,false
duck,P2,path,hub,base,9,0,default,ok,,,25.946,0.254,798773,,,,true,false
duck,P2,path,hub,base,10,0,default,ok,,,26.34,0.585,615824,,,,true,false
duck,P2,path,hub,base,11,0,default,ok,,,25.673,0.679,511701,,,,true,false
duck,P2,path,hub,base,12,0,default,ok,,,29.146,0.169,763654,,,,true,false
duck,P2,path,hub,base,13,0,default,ok,,,27.805,0.157,523091,,,,true,false
duck,P2,path,hub,base,14,0,default,ok,,,26.658,0.254,542839,,,,true,false
duck,P2,path,hub,base,15,0,default,ok,,,27.988,0.76,557144,,,,true,false
duck,P2,path,hub,base,16,0,default,ok,,,26.942,0.704,515663,,,,true,false
duck,P2,path,hub,base,17,0,default,ok,,,26.463,0.187,511091,,,,true,false
duck,P2,path,hub,base,18,0,default,ok,,,26.687,0.508,500906,,,,true,false
duck,P2,path,hub,base,19,0,default,ok,,,22.261,0.385,340339,,,,true,false
duck,P2,path,hub,base,20,0,default,ok,,,22.547,0.982,338846,,,,true,false
duck,P3,path,uniform,base,1,0,default,ok,,,1560.489,78.464,168083126,,,,true,false
duck,P3,path,uniform,base,2,0,default,ok,,,702.118,94.914,69592292,,,,true,false
duck,P3,path,uniform,base,3,0,default,ok,,,20.662,0.287,40894,,,,true,false
duck,P3,path,uniform,base,4,0,default,ok,,,390.075,7.602,29071800,,,,true,false
duck,P3,path,uniform,base,5,0,default,ok,,,105.61,14.651,3999070,,,,true,false
duck,P3,path,uniform,base,6,0,default,ok,,,19.101,1.588,63906,,,,true,false
duck,P3,path,uniform,base,7,0,default,ok,,,337.841,36.813,19227628,,,,true,false
duck,P3,path,uniform,base,8,0,default,ok,,,22.453,0.544,86540,,,,true,false
duck,P3,path,uniform,base,9,0,default,ok,,,25.366,1.522,86540,,,,true,false
duck,P3,path,uniform,base,10,0,default,ok,,,204.785,12.267,6130831,,,,true,false
duck,P3,path,uniform,base,11,0,default,ok,,,23.912,0.675,50170,,,,true,false
duck,P3,path,uniform,base,12,0,default,ok,,,288.037,20.485,9684766,,,,true,false
duck,P3,path,uniform,base,13,0,default,ok,,,67.643,7.803,1184800,,,,true,false
duck,P3,path,uniform,base,14,0,default,ok,,,82.868,11.039,1421962,,,,true,false
duck,P3,path,uniform,base,15,0,default,ok,,,17.699,1.68,13259,,,,true,false
duck,P3,path,uniform,base,16,0,default,ok,,,49.144,9.954,671337,,,,true,false
duck,P3,path,uniform,base,17,0,default,ok,,,36.06,1.953,304651,,,,true,false
duck,P3,path,uniform,base,18,0,default,ok,,,23.768,0.579,79566,,,,true,false
duck,P3,path,uniform,base,19,0,default,ok,,,23.133,0.559,11776,,,,true,false
duck,P3,path,uniform,base,20,0,default,ok,,,23.813,1.445,54,,,,true,false
duck,P3,path,hub,base,1,0,default,ok,,,2123.76,18.84,247305426,,,,true,false
duck,P3,path,hub,base,2,0,default,ok,,,2734.027,53.848,309023407,,,,true,false
duck,P3,path,hub,base,3,0,default,ok,,,2522.24,38.044,280018507,,,,true,false
duck,P3,path,hub,base,4,0,default,ok,,,2185.948,59.066,244620200,,,,true,false
duck,P3,path,hub,base,5,0,default,ok,,,2788.494,35.925,315452094,,,,true,false
duck,P3,path,hub,base,6,0,default,ok,,,1984.93,37.187,221755661,,,,true,false
duck,P3,path,hub,base,7,0,default,ok,,,2105.47,68.714,225889502,,,,true,false
duck,P3,path,hub,base,8,0,default,ok,,,2164.102,23.694,248666855,,,,true,false
duck,P3,path,hub,base,9,0,default,ok,,,1760.313,27.522,207054101,,,,true,false
duck,P3,path,hub,base,10,0,default,ok,,,1892.927,9.612,216847911,,,,true,false
duck,P3,path,hub,base,11,0,default,ok,,,2246.904,600.685,250041384,,,,true,false
duck,P3,path,hub,base,12,0,default,ok,,,1272.858,65.887,150043071,,,,true,false
duck,P3,path,hub,base,13,0,default,ok,,,1422.762,31.871,162909000,,,,true,false
duck,P3,path,hub,base,14,0,default,ok,,,1386.578,31.494,141583509,,,,true,false
duck,P3,path,hub,base,15,0,default,ok,,,1493.923,21.327,145076359,,,,true,false
duck,P3,path,hub,base,16,0,default,ok,,,1044.139,4.781,102811762,,,,true,false
duck,P3,path,hub,base,17,0,default,ok,,,1162.751,94.102,109011947,,,,true,false
duck,P3,path,hub,base,18,0,default,ok,,,920.012,19.303,89618707,,,,true,false
duck,P3,path,hub,base,19,0,default,ok,,,807.974,3.303,78681959,,,,true,false
duck,P3,path,hub,base,20,0,default,ok,,,792.116,3.458,62212387,,,,true,false
duck,T1,tri,uniform,base,1,0,default,ok,,,19.158,0.267,10418,,,,true,false
duck,T1,tri,uniform,base,2,0,default,ok,,,13.714,0.773,2,,,,true,false
duck,T1,tri,uniform,base,3,0,default,ok,,,14.603,0.766,272,,,,true,false
duck,T1,tri,uniform,base,4,0,default,ok,,,13.7,0.342,132,,,,true,false
duck,T1,tri,uniform,base,5,0,default,ok,,,15.359,0.237,2896,,,,true,false
duck,T1,tri,uniform,base,6,0,default,ok,,,16.663,0.243,11342,,,,true,false
duck,T1,tri,uniform,base,7,0,default,ok,,,15.613,0.546,2550,,,,true,false
duck,T1,tri,uniform,base,8,0,default,ok,,,19.164,0.879,11342,,,,true,false
duck,T1,tri,uniform,base,9,0,default,ok,,,17.207,0.057,2862,,,,true,false
duck,T1,tri,uniform,base,10,0,default,ok,,,14.3,0.449,30,,,,true,false
duck,T1,tri,uniform,base,11,0,default,ok,,,16.628,0.449,2914,,,,true,false
duck,T1,tri,uniform,base,12,0,default,ok,,,18.438,0.185,4078,,,,true,false
duck,T1,tri,uniform,base,13,0,default,ok,,,16.401,0.374,1806,,,,true,false
duck,T1,tri,uniform,base,14,0,default,ok,,,13.315,0.243,12,,,,true,false
duck,T1,tri,uniform,base,15,0,default,ok,,,16.149,0.189,1092,,,,true,false
duck,T1,tri,uniform,base,16,0,default,ok,,,11.762,0.185,6,,,,true,false
duck,T1,tri,uniform,base,17,0,default,ok,,,15.793,0.213,1056,,,,true,false
duck,T1,tri,uniform,base,18,0,default,ok,,,16.139,0.177,1374,,,,true,false
duck,T1,tri,uniform,base,19,0,default,ok,,,16.033,0.271,1406,,,,true,false
duck,T1,tri,uniform,base,20,0,default,ok,,,18.013,0.191,8292,,,,true,false
duck,T1,tri,hub,base,1,0,default,ok,,,25.924,1.735,62258,,,,true,false
duck,T1,tri,hub,base,2,0,default,ok,,,20.777,0.549,44310,,,,true,false
duck,T1,tri,hub,base,3,0,default,ok,,,21.979,1.049,44310,,,,true,false
duck,T1,tri,hub,base,4,0,default,ok,,,21.36,0.343,44310,,,,true,false
duck,T1,tri,hub,base,5,0,default,ok,,,24.151,0.584,11794,,,,true,false
duck,T1,tri,hub,base,6,0,default,ok,,,22.601,0.358,17752,,,,true,false
duck,T1,tri,hub,base,7,0,default,ok,,,21.464,0.383,44310,,,,true,false
duck,T1,tri,hub,base,8,0,default,ok,,,41.187,2.414,75330,,,,true,false
duck,T1,tri,hub,base,9,0,default,ok,,,27.022,0.317,62250,,,,true,false
duck,T1,tri,hub,base,10,0,default,ok,,,22.512,0.705,44310,,,,true,false
duck,T1,tri,hub,base,11,0,default,ok,,,21.738,0.414,44310,,,,true,false
duck,T1,tri,hub,base,12,0,default,ok,,,22.376,0.41,44310,,,,true,false
duck,T1,tri,hub,base,13,0,default,ok,,,27.704,2.308,47246,,,,true,false
duck,T1,tri,hub,base,14,0,default,ok,,,20.344,0.976,47212,,,,true,false
duck,T1,tri,hub,base,15,0,default,ok,,,24.407,1.028,63606,,,,true,false
duck,T1,tri,hub,base,16,0,default,ok,,,28.694,0.603,62250,,,,true,false
duck,T1,tri,hub,base,17,0,default,ok,,,29.02,0.783,69478,,,,true,false
duck,T1,tri,hub,base,18,0,default,ok,,,21.754,0.582,24192,,,,true,false
duck,T1,tri,hub,base,19,0,default,ok,,,24.108,0.058,62250,,,,true,false
duck,T1,tri,hub,base,20,0,default,ok,,,36.576,1.163,76743,,,,true,false
duck,T2,tri,uniform,base,1,0,default,ok,,,14.866,0.863,42,,,,true,false
duck,T2,tri,uniform,base,2,0,default,ok,,,16.39,0.873,10920,,,,true,false
duck,T2,tri,uniform,base,3,0,default,ok,,,18.857,0.678,117,,,,true,false
duck,T2,tri,uniform,base,4,0,default,ok,,,20.11,0.663,15116,,,,true,false
duck,T2,tri,uniform,base,5,0,default,ok,,,22.721,0.273,20912,,,,true,false
duck,T2,tri,uniform,base,6,0,default,ok,,,24.029,0.093,62831,,,,true,false
duck,T2,tri,uniform,base,7,0,default,ok,,,16.871,0.347,1467,,,,true,false
duck,T2,tri,uniform,base,8,0,default,ok,,,15.676,0.483,356,,,,true,false
duck,T2,tri,uniform,base,9,0,default,ok,,,16.646,0.265,6,,,,true,false
duck,T2,tri,uniform,base,10,0,default,ok,,,16.436,0.729,717,,,,true,false
duck,T2,tri,uniform,base,11,0,default,ok,,,18.458,0.724,10347,,,,true,false
duck,T2,tri,uniform,base,12,0,default,ok,,,13.732,0.407,2,,,,true,false
duck,T2,tri,uniform,base,13,0,default,ok,,,16.819,1.255,7630,,,,true,false
duck,T2,tri,uniform,base,14,0,default,ok,,,15.183,0.867,50,,,,true,false
duck,T2,tri,uniform,base,15,0,default,ok,,,21.613,0.979,32798,,,,true,false
duck,T2,tri,uniform,base,16,0,default,ok,,,12.447,1.062,726,,,,true,false
duck,T2,tri,uniform,base,17,0,default,ok,,,23.22,0.882,63661,,,,true,false
duck,T2,tri,uniform,base,18,0,default,ok,,,11.643,0.468,6,,,,true,false
duck,T2,tri,uniform,base,19,0,default,ok,,,21.303,0.347,44310,,,,true,false
duck,T2,tri,uniform,base,20,0,default,ok,,,19.21,0.719,3552,,,,true,false
duck,T2,tri,hub,base,1,0,default,ok,,,29.087,1.976,62750,,,,true,false
duck,T2,tri,hub,base,2,0,default,ok,,,21.883,0.514,44310,,,,true,false
duck,T2,tri,hub,base,3,0,default,ok,,,23.181,0.403,16592,,,,true,false
duck,T2,tri,hub,base,4,0,default,ok,,,27.3,1.063,66064,,,,true,false
duck,T2,tri,hub,base,5,0,default,ok,,,23.547,1.735,66064,,,,true,false
duck,T2,tri,hub,base,6,0,default,ok,,,22.818,0.244,31522,,,,true,false
duck,T2,tri,hub,base,7,0,default,ok,,,22.496,0.302,44310,,,,true,false
duck,T2,tri,hub,base,8,0,default,ok,,,23.35,0.674,44734,,,,true,false
duck,T2,tri,hub,base,9,0,default,ok,,,37.52,1.753,75288,,,,true,false
duck,T2,tri,hub,base,10,0,default,ok,,,23.488,1.572,8890,,,,true,false
duck,T2,tri,hub,base,11,0,default,ok,,,23.195,0.438,8890,,,,true,false
duck,T2,tri,hub,base,12,0,default,ok,,,24.358,0.384,62177,,,,true,false
duck,T2,tri,hub,base,13,0,default,ok,,,22.577,0.308,23476,,,,true,false
duck,T2,tri,hub,base,14,0,default,ok,,,28.797,0.08,66098,,,,true,false
duck,T2,tri,hub,base,15,0,default,ok,,,28.504,0.92,63612,,,,true,false
duck,T2,tri,hub,base,16,0,default,ok,,,24.225,0.234,23526,,,,true,false
duck,T2,tri,hub,base,17,0,default,ok,,,30.067,0.881,68778,,,,true,false
duck,T2,tri,hub,base,18,0,default,ok,,,23.619,0.54,66064,,,,true,false
duck,T2,tri,hub,base,19,0,default,ok,,,28.544,0.337,66050,,,,true,false
duck,T2,tri,hub,base,20,0,default,ok,,,25.53,1.018,62049,,,,true,false
duck,C4,cycle,uniform,base,1,0,default,ok,,,9.021,0.701,243,,,,true,false
duck,C4,cycle,uniform,base,2,0,default,ok,,,9.731,0.526,2,,,,true,false
duck,C4,cycle,uniform,base,3,0,default,ok,,,9.159,0.401,6,,,,true,false
duck,C4,cycle,uniform,base,4,0,default,ok,,,7.824,0.969,4,,,,true,false
duck,C4,cycle,uniform,base,5,0,default,ok,,,9.421,0.218,19,,,,true,false
duck,C4,cycle,uniform,base,6,0,default,ok,,,12.569,0.54,2165,,,,true,false
duck,C4,cycle,uniform,base,7,0,default,ok,,,11.093,0.221,2086,,,,true,false
duck,C4,cycle,uniform,base,8,0,default,ok,,,10.312,0.345,8,,,,true,false
duck,C4,cycle,uniform,base,9,0,default,ok,,,9.911,0.117,2,,,,true,false
duck,C4,cycle,uniform,base,10,0,default,ok,,,10.244,0.385,10,,,,true,false
duck,C4,cycle,uniform,base,11,0,default,ok,,,7.88,1.682,2,,,,true,false
duck,C4,cycle,uniform,base,12,0,default,ok,,,10.343,0.14,134,,,,true,false
duck,C4,cycle,uniform,base,13,0,default,ok,,,9.222,0.79,931,,,,true,false
duck,C4,cycle,uniform,base,14,0,default,ok,,,10.164,0.16,33,,,,true,false
duck,C4,cycle,uniform,base,15,0,default,ok,,,10.41,0.356,48,,,,true,false
duck,C4,cycle,uniform,base,16,0,default,ok,,,12.002,0.65,5,,,,true,false
duck,C4,cycle,uniform,base,17,0,default,ok,,,10.06,0.262,92,,,,true,false
duck,C4,cycle,uniform,base,18,0,default,ok,,,9.243,0.31,12,,,,true,false
duck,C4,cycle,uniform,base,19,0,default,ok,,,7.637,0.308,84,,,,true,false
duck,C4,cycle,uniform,base,20,0,default,ok,,,7.484,0.42,2,,,,true,false
duck,C4,cycle,hub,base,1,0,default,ok,,,9.658,1.553,349,,,,true,false
duck,C4,cycle,hub,base,2,0,default,ok,,,11.979,0.594,2555,,,,true,false
duck,C4,cycle,hub,base,3,0,default,ok,,,9.337,1.113,2371,,,,true,false
duck,C4,cycle,hub,base,4,0,default,ok,,,14.31,2.232,2682,,,,true,false
duck,C4,cycle,hub,base,5,0,default,ok,,,13.59,0.219,2887,,,,true,false
duck,C4,cycle,hub,base,6,0,default,ok,,,15.975,0.505,1101,,,,true,false
duck,C4,cycle,hub,base,7,0,default,ok,,,12.517,0.937,929,,,,true,false
duck,C4,cycle,hub,base,8,0,default,ok,,,11.794,1.247,269,,,,true,false
duck,C4,cycle,hub,base,9,0,default,ok,,,14.543,1.683,2604,,,,true,false
duck,C4,cycle,hub,base,10,0,default,ok,,,12.42,0.371,1168,,,,true,false
duck,C4,cycle,hub,base,11,0,default,ok,,,11.756,0.15,711,,,,true,false
duck,C4,cycle,hub,base,12,0,default,ok,,,13.238,0.553,856,,,,true,false
duck,C4,cycle,hub,base,13,0,default,ok,,,16.872,0.587,1534,,,,true,false
duck,C4,cycle,hub,base,14,0,default,ok,,,12.544,0.394,1284,,,,true,false
duck,C4,cycle,hub,base,15,0,default,ok,,,11.527,0.066,591,,,,true,false
duck,C4,cycle,hub,base,16,0,default,ok,,,10.905,0.229,14,,,,true,false
duck,C4,cycle,hub,base,17,0,default,ok,,,13.233,0.189,723,,,,true,false
duck,C4,cycle,hub,base,18,0,default,ok,,,12.907,0.31,757,,,,true,false
duck,C4,cycle,hub,base,19,0,default,ok,,,11.169,0.461,1,,,,true,false
duck,C4,cycle,hub,base,20,0,default,ok,,,10.931,0.496,2,,,,true,false
